{"cameraMode":{"drawMode":0,"name":"Shaded","section":"Shading Mode"},"sceneLighting":false,"audioPlay":false,"sceneViewState":{"m_AlwaysRefresh":false,"showFog":true,"showSkybox":false,"showFlares":true,"showImageEffects":true,"showParticleSystems":true,"showVisualEffectGraphs":true,"m_FxEnabled":true},"in2DMode":false,"pivot":{"x":0.024007469415664674,"y":0.7886525392532349,"z":0.08035486936569214},"rotation":{"x":-0.14645476639270783,"y":-0.5382609963417053,"z":0.09561877697706223,"w":-0.8244308233261108},"size":1.1335253715515137,"orthographic":false}